-- Preparação: Desativando restrições para permitir dados de teste fictícios
ALTER TABLE IF EXISTS public.users DROP CONSTRAINT IF EXISTS users_id_fkey;
ALTER TABLE IF EXISTS public.service_orders DROP CONSTRAINT IF EXISTS service_orders_tech_id_fkey;
ALTER TABLE IF EXISTS public.chat_messages DROP CONSTRAINT IF EXISTS chat_messages_sender_id_fkey;
ALTER TABLE IF EXISTS public.chat_messages DROP CONSTRAINT IF EXISTS chat_messages_receiver_id_fkey;

-- Limpeza de dados antigos para a empresa 2f193dc6-1615-4131-a9be-5b4b7673b840
DELETE FROM stock_movements WHERE company_id = '2f193dc6-1615-4131-a9be-5b4b7673b840';
DELETE FROM service_orders WHERE company_id = '2f193dc6-1615-4131-a9be-5b4b7673b840';
DELETE FROM products WHERE company_id = '2f193dc6-1615-4131-a9be-5b4b7673b840';
DELETE FROM storage_locations WHERE company_id = '2f193dc6-1615-4131-a9be-5b4b7673b840';
DELETE FROM customers WHERE company_id = '2f193dc6-1615-4131-a9be-5b4b7673b840';
DELETE FROM suppliers WHERE company_id = '2f193dc6-1615-4131-a9be-5b4b7673b840';
DELETE FROM users WHERE company_id = '2f193dc6-1615-4131-a9be-5b4b7673b840';
DELETE FROM companies WHERE id = '2f193dc6-1615-4131-a9be-5b4b7673b840';

-- Reinserindo Empresa
INSERT INTO companies (id, name, corporate_name, trade_name, document, email, phone, address, city, plan, plan_period, monthly_fee, status, settings, ativo, limite_usuarios) VALUES ('2f193dc6-1615-4131-a9be-5b4b7673b840', 'TEST TECH', 'TEST TECH', 'TEST TECH', '77777777777777', 'test12345@gmail.com', '63888888888', 'Rua Bom Jardim, Araguaína', 'Araguaína', 'DIAMANTE', 'TRIMESTRAL', 561.45, 'ACTIVE', '{"enableAI": true, "enableChat": true, "orderTypes": ["Instalação", "Manutenção", "Orçamento", "Retirada", "Suporte", "Levantamento"], "enableHistory": true, "enableAttachments": true}', true, 5);

-- Usuário Administrador (Mantendo Sessão)
INSERT INTO users (id, company_id, name, email, role, ativo, password) VALUES ('e1515601-9f2d-4747-98aa-ed00f26957da', '2f193dc6-1615-4131-a9be-5b4b7673b840', 'ADMIN TECH', 'admin@admin.com', 'Administrador', true, '123456');

-- Estoque Matriz e 5 Depósitos de Técnicos
INSERT INTO storage_locations (id, company_id, nome, localizacao, ativo) VALUES ('224ec3d4-99b2-4e47-a4b8-acca8c0b3948', '2f193dc6-1615-4131-a9be-5b4b7673b840', 'Estoque Matriz', 'Sede Principal', true);
INSERT INTO users (id, company_id, name, email, role, ativo) VALUES ('c6d28fe7-45d6-4c71-8fff-2196363f8bc7', '2f193dc6-1615-4131-a9be-5b4b7673b840', 'Carlos Oliveira', 'tech1@testtech.com', 'Técnico', true);
INSERT INTO storage_locations (id, company_id, nome, localizacao, ativo) VALUES ('5954ff8d-7431-440e-a021-fbbe41ee9727', '2f193dc6-1615-4131-a9be-5b4b7673b840', 'Viatura Carlos', 'Veículo Operacional 1', true);
INSERT INTO users (id, company_id, name, email, role, ativo) VALUES ('54731657-0443-454b-a4be-440586b44fab', '2f193dc6-1615-4131-a9be-5b4b7673b840', 'Bruno Santos', 'tech2@testtech.com', 'Técnico', true);
INSERT INTO storage_locations (id, company_id, nome, localizacao, ativo) VALUES ('fab6315d-7c24-444b-95e9-44e4bc98983d', '2f193dc6-1615-4131-a9be-5b4b7673b840', 'Viatura Bruno', 'Veículo Operacional 2', true);
INSERT INTO users (id, company_id, name, email, role, ativo) VALUES ('78c95773-bfc2-47ef-be78-ba498433d444', '2f193dc6-1615-4131-a9be-5b4b7673b840', 'Rafael Costa', 'tech3@testtech.com', 'Técnico', true);
INSERT INTO storage_locations (id, company_id, nome, localizacao, ativo) VALUES ('a372d2c3-cfb8-4a97-a782-8dda8ae774e1', '2f193dc6-1615-4131-a9be-5b4b7673b840', 'Viatura Rafael', 'Veículo Operacional 3', true);
INSERT INTO users (id, company_id, name, email, role, ativo) VALUES ('1e1cd135-6e91-4e90-a284-8f53333bdd09', '2f193dc6-1615-4131-a9be-5b4b7673b840', 'Marcelo Lima', 'tech4@testtech.com', 'Técnico', true);
INSERT INTO storage_locations (id, company_id, nome, localizacao, ativo) VALUES ('dad8c294-94d0-48b0-85dc-fef43cfa6077', '2f193dc6-1615-4131-a9be-5b4b7673b840', 'Viatura Marcelo', 'Veículo Operacional 4', true);
INSERT INTO users (id, company_id, name, email, role, ativo) VALUES ('5078c0ef-23d5-4bfe-a01e-df37fddf442b', '2f193dc6-1615-4131-a9be-5b4b7673b840', 'Andre Silva', 'tech5@testtech.com', 'Técnico', true);
INSERT INTO storage_locations (id, company_id, nome, localizacao, ativo) VALUES ('f37e90d7-b4a3-414d-8b3c-c306ef3a8ce5', '2f193dc6-1615-4131-a9be-5b4b7673b840', 'Viatura Andre', 'Veículo Operacional 5', true);

-- 15 Fornecedores
INSERT INTO suppliers (id, company_id, name, corporate_name, document, email, phone, city, state, address, zip_code, neighborhood, number, status) VALUES ('2d64a8c3-f45e-4822-a2cf-c4ed1bec429d', '2f193dc6-1615-4131-a9be-5b4b7673b840', 'Distribuidora Norte', 'Distribuidora Norte Comércio e Indústria LTDA', '76.792.356/0001-30', 'contato@distribuidoranorte.com', '63992643151', 'Araguaína', 'TO', 'Av Standard, 279', '77800-000', 'Setor Central', '836', 'ACTIVE');
INSERT INTO suppliers (id, company_id, name, corporate_name, document, email, phone, city, state, address, zip_code, neighborhood, number, status) VALUES ('7e751d4c-a1c7-4869-8434-1e1fc72d4c03', '2f193dc6-1615-4131-a9be-5b4b7673b840', 'Conectech Materiais', 'Conectech Materiais Comércio e Indústria LTDA', '99.463.228/0001-39', 'contato@conectechmateriais.com', '63992469046', 'Araguaína', 'TO', 'Av Standard, 234', '77800-000', 'Setor Central', '62', 'ACTIVE');
INSERT INTO suppliers (id, company_id, name, corporate_name, document, email, phone, city, state, address, zip_code, neighborhood, number, status) VALUES ('2006686f-9cf0-499e-ab81-ab95b85cdd55', '2f193dc6-1615-4131-a9be-5b4b7673b840', 'Soluções Redes', 'Soluções Redes Comércio e Indústria LTDA', '23.110.909/0001-14', 'contato@soluçõesredes.com', '63992894298', 'Araguaína', 'TO', 'Av Standard, 492', '77800-000', 'Setor Central', '693', 'ACTIVE');
INSERT INTO suppliers (id, company_id, name, corporate_name, document, email, phone, city, state, address, zip_code, neighborhood, number, status) VALUES ('b46ebe42-bbcf-430c-bc57-1fc7aa0cd035', '2f193dc6-1615-4131-a9be-5b4b7673b840', 'Fibra Brasil', 'Fibra Brasil Comércio e Indústria LTDA', '19.765.912/0001-64', 'contato@fibrabrasil.com', '63992338018', 'Araguaína', 'TO', 'Av Standard, 43', '77800-000', 'Setor Central', '386', 'ACTIVE');
INSERT INTO suppliers (id, company_id, name, corporate_name, document, email, phone, city, state, address, zip_code, neighborhood, number, status) VALUES ('0caffe58-6a63-4c84-8151-1c1013e20a48', '2f193dc6-1615-4131-a9be-5b4b7673b840', 'Eletron Araguaína', 'Eletron Araguaína Comércio e Indústria LTDA', '67.408.584/0001-92', 'contato@eletronaraguaína.com', '63992187459', 'Araguaína', 'TO', 'Av Standard, 341', '77800-000', 'Setor Central', '143', 'ACTIVE');
INSERT INTO suppliers (id, company_id, name, corporate_name, document, email, phone, city, state, address, zip_code, neighborhood, number, status) VALUES ('f8d8872f-f66b-455f-8a97-7b8c7b530caa', '2f193dc6-1615-4131-a9be-5b4b7673b840', 'Total Infra', 'Total Infra Comércio e Indústria LTDA', '16.953.668/0001-58', 'contato@totalinfra.com', '63992872539', 'Araguaína', 'TO', 'Av Standard, 337', '77800-000', 'Setor Central', '699', 'ACTIVE');
INSERT INTO suppliers (id, company_id, name, corporate_name, document, email, phone, city, state, address, zip_code, neighborhood, number, status) VALUES ('ffb503be-206e-4b1d-8727-cd2df764f5f6', '2f193dc6-1615-4131-a9be-5b4b7673b840', 'Mestre Conectores', 'Mestre Conectores Comércio e Indústria LTDA', '75.619.477/0001-93', 'contato@mestreconectores.com', '63992233614', 'Araguaína', 'TO', 'Av Standard, 321', '77800-000', 'Setor Central', '955', 'ACTIVE');
INSERT INTO suppliers (id, company_id, name, corporate_name, document, email, phone, city, state, address, zip_code, neighborhood, number, status) VALUES ('f90afa79-c552-438c-b63a-14715bb8a612', '2f193dc6-1615-4131-a9be-5b4b7673b840', 'Prime Cabeamento', 'Prime Cabeamento Comércio e Indústria LTDA', '88.383.260/0001-62', 'contato@primecabeamento.com', '63992714031', 'Araguaína', 'TO', 'Av Standard, 295', '77800-000', 'Setor Central', '1', 'ACTIVE');
INSERT INTO suppliers (id, company_id, name, corporate_name, document, email, phone, city, state, address, zip_code, neighborhood, number, status) VALUES ('554eb9cc-248c-4941-abe7-394a259d99d0', '2f193dc6-1615-4131-a9be-5b4b7673b840', 'Tech Solution', 'Tech Solution Comércio e Indústria LTDA', '27.147.565/0001-88', 'contato@techsolution.com', '63992421374', 'Araguaína', 'TO', 'Av Standard, 425', '77800-000', 'Setor Central', '874', 'ACTIVE');
INSERT INTO suppliers (id, company_id, name, corporate_name, document, email, phone, city, state, address, zip_code, neighborhood, number, status) VALUES ('e1d8577d-93d1-40f2-8993-0fa712fccddc', '2f193dc6-1615-4131-a9be-5b4b7673b840', 'Logistica Net', 'Logistica Net Comércio e Indústria LTDA', '56.478.624/0001-36', 'contato@logisticanet.com', '63992280178', 'Araguaína', 'TO', 'Av Standard, 202', '77800-000', 'Setor Central', '56', 'ACTIVE');
INSERT INTO suppliers (id, company_id, name, corporate_name, document, email, phone, city, state, address, zip_code, neighborhood, number, status) VALUES ('535cfcc7-5f45-445d-b160-6e0145e0055e', '2f193dc6-1615-4131-a9be-5b4b7673b840', 'Importadora Global', 'Importadora Global Comércio e Indústria LTDA', '94.230.694/0001-69', 'contato@importadoraglobal.com', '63992460046', 'Araguaína', 'TO', 'Av Standard, 200', '77800-000', 'Setor Central', '520', 'ACTIVE');
INSERT INTO suppliers (id, company_id, name, corporate_name, document, email, phone, city, state, address, zip_code, neighborhood, number, status) VALUES ('ad719207-4e3c-4676-8b17-ece24492f0e1', '2f193dc6-1615-4131-a9be-5b4b7673b840', 'Forte Hardware', 'Forte Hardware Comércio e Indústria LTDA', '51.273.981/0001-58', 'contato@fortehardware.com', '63992186814', 'Araguaína', 'TO', 'Av Standard, 220', '77800-000', 'Setor Central', '453', 'ACTIVE');
INSERT INTO suppliers (id, company_id, name, corporate_name, document, email, phone, city, state, address, zip_code, neighborhood, number, status) VALUES ('439f6b13-ca13-4042-86ad-ac1a7f9ad4cd', '2f193dc6-1615-4131-a9be-5b4b7673b840', 'Vendas OS', 'Vendas OS Comércio e Indústria LTDA', '43.146.417/0001-49', 'contato@vendasos.com', '63992773935', 'Araguaína', 'TO', 'Av Standard, 165', '77800-000', 'Setor Central', '895', 'ACTIVE');
INSERT INTO suppliers (id, company_id, name, corporate_name, document, email, phone, city, state, address, zip_code, neighborhood, number, status) VALUES ('42a1b920-5656-42c1-a0d8-172310eb7f84', '2f193dc6-1615-4131-a9be-5b4b7673b840', 'Parceiro Estoque', 'Parceiro Estoque Comércio e Indústria LTDA', '62.639.118/0001-50', 'contato@parceiroestoque.com', '63992524072', 'Araguaína', 'TO', 'Av Standard, 149', '77800-000', 'Setor Central', '727', 'ACTIVE');
INSERT INTO suppliers (id, company_id, name, corporate_name, document, email, phone, city, state, address, zip_code, neighborhood, number, status) VALUES ('a215ad1e-8270-4402-8018-a23ec13b8433', '2f193dc6-1615-4131-a9be-5b4b7673b840', 'Suprimentos TI', 'Suprimentos TI Comércio e Indústria LTDA', '80.486.148/0001-19', 'contato@suprimentosti.com', '63992789236', 'Araguaína', 'TO', 'Av Standard, 484', '77800-000', 'Setor Central', '758', 'ACTIVE');

-- 15 Produtos
INSERT INTO products (id, company_id, nome, sku, preco_venda, valor_compra, margem_lucro, quantidade_estoque, categoria, ean, ncm, fornecedor_id, status) VALUES ('3b88104c-e5b0-49cb-b7e2-e33445cc0ef9', '2f193dc6-1615-4131-a9be-5b4b7673b840', 'Roteador Wi-Fi AC1200', 'SKU-1000', 128.87, 92.05, 40.0, 9, 'Material', '7897681600374', '85176277', '2d64a8c3-f45e-4822-a2cf-c4ed1bec429d', 'ACTIVE');
INSERT INTO products (id, company_id, nome, sku, preco_venda, valor_compra, margem_lucro, quantidade_estoque, categoria, ean, ncm, fornecedor_id, status) VALUES ('388fe2ae-7cba-4f9a-8f8f-54784bb9124d', '2f193dc6-1615-4131-a9be-5b4b7673b840', 'Conector RJ45 Shielded', 'SKU-1001', 162.46, 116.04, 40.0, 44, 'Material', '7894306080370', '85176277', '7e751d4c-a1c7-4869-8434-1e1fc72d4c03', 'ACTIVE');
INSERT INTO products (id, company_id, nome, sku, preco_venda, valor_compra, margem_lucro, quantidade_estoque, categoria, ean, ncm, fornecedor_id, status) VALUES ('d7c26bc9-a9ea-4547-ac10-a773021b6652', '2f193dc6-1615-4131-a9be-5b4b7673b840', 'Cabo de Rede CAT6 305m', 'SKU-1002', 36.44, 26.03, 40.0, 41, 'Material', '7897386067273', '85176277', '2006686f-9cf0-499e-ab81-ab95b85cdd55', 'ACTIVE');
INSERT INTO products (id, company_id, nome, sku, preco_venda, valor_compra, margem_lucro, quantidade_estoque, categoria, ean, ncm, fornecedor_id, status) VALUES ('30c8273e-ffde-464d-9adc-6da6b43768ed', '2f193dc6-1615-4131-a9be-5b4b7673b840', 'Alicate Decapador', 'SKU-1003', 181.46, 129.62, 40.0, 19, 'Material', '7892465069724', '85176277', 'b46ebe42-bbcf-430c-bc57-1fc7aa0cd035', 'ACTIVE');
INSERT INTO products (id, company_id, nome, sku, preco_venda, valor_compra, margem_lucro, quantidade_estoque, categoria, ean, ncm, fornecedor_id, status) VALUES ('0629b5f7-b0a2-4871-8207-8998b5ffc25b', '2f193dc6-1615-4131-a9be-5b4b7673b840', 'Switch 8 Portas Giga', 'SKU-1004', 162.71, 116.22, 40.0, 17, 'Material', '7894896058450', '85176277', '0caffe58-6a63-4c84-8151-1c1013e20a48', 'ACTIVE');
INSERT INTO products (id, company_id, nome, sku, preco_venda, valor_compra, margem_lucro, quantidade_estoque, categoria, ean, ncm, fornecedor_id, status) VALUES ('0c322cfe-e7a9-46d7-9d6b-3ecfd3074105', '2f193dc6-1615-4131-a9be-5b4b7673b840', 'Patch Panel 24p', 'SKU-1005', 96.60, 69.00, 40.0, 41, 'Material', '7891676952293', '85176277', 'f8d8872f-f66b-455f-8a97-7b8c7b530caa', 'ACTIVE');
INSERT INTO products (id, company_id, nome, sku, preco_venda, valor_compra, margem_lucro, quantidade_estoque, categoria, ean, ncm, fornecedor_id, status) VALUES ('15674e7f-7023-41fb-b4c7-7e7e865fb196', '2f193dc6-1615-4131-a9be-5b4b7673b840', 'Conversor de Mídia', 'SKU-1006', 258.49, 184.63, 40.0, 40, 'Material', '7894350632573', '85176277', 'ffb503be-206e-4b1d-8727-cd2df764f5f6', 'ACTIVE');
INSERT INTO products (id, company_id, nome, sku, preco_venda, valor_compra, margem_lucro, quantidade_estoque, categoria, ean, ncm, fornecedor_id, status) VALUES ('4fcd0ca8-7a55-4211-985f-105f0a9ee5ff', '2f193dc6-1615-4131-a9be-5b4b7673b840', 'ONU Fibra GPON', 'SKU-1007', 54.79, 39.13, 40.0, 50, 'Material', '7897502156945', '85176277', 'f90afa79-c552-438c-b63a-14715bb8a612', 'ACTIVE');
INSERT INTO products (id, company_id, nome, sku, preco_venda, valor_compra, margem_lucro, quantidade_estoque, categoria, ean, ncm, fornecedor_id, status) VALUES ('b92d5100-7720-47e8-bf98-044287c91372', '2f193dc6-1615-4131-a9be-5b4b7673b840', 'Suporte Articulado', 'SKU-1008', 116.25, 83.04, 40.0, 18, 'Material', '7898857266000', '85176277', '554eb9cc-248c-4941-abe7-394a259d99d0', 'ACTIVE');
INSERT INTO products (id, company_id, nome, sku, preco_venda, valor_compra, margem_lucro, quantidade_estoque, categoria, ean, ncm, fornecedor_id, status) VALUES ('179e1611-3a39-4d67-abca-1d8732b290d6', '2f193dc6-1615-4131-a9be-5b4b7673b840', 'Rack Estante 12U', 'SKU-1009', 220.34, 157.39, 40.0, 35, 'Material', '7892583189886', '85176277', 'e1d8577d-93d1-40f2-8993-0fa712fccddc', 'ACTIVE');
INSERT INTO products (id, company_id, nome, sku, preco_venda, valor_compra, margem_lucro, quantidade_estoque, categoria, ean, ncm, fornecedor_id, status) VALUES ('4d187f7f-bc87-4844-82a1-2b3be6f8f28d', '2f193dc6-1615-4131-a9be-5b4b7673b840', 'Fonte Nobreak 12V', 'SKU-1010', 206.01, 147.15, 40.0, 18, 'Material', '7897777447289', '85176277', '535cfcc7-5f45-445d-b160-6e0145e0055e', 'ACTIVE');
INSERT INTO products (id, company_id, nome, sku, preco_venda, valor_compra, margem_lucro, quantidade_estoque, categoria, ean, ncm, fornecedor_id, status) VALUES ('88eddbc0-e6a1-4237-9b04-9346413fbba9', '2f193dc6-1615-4131-a9be-5b4b7673b840', 'Cabo Drop 1km', 'SKU-1011', 165.39, 118.13, 40.0, 22, 'Material', '7892548730257', '85176277', 'ad719207-4e3c-4676-8b17-ece24492f0e1', 'ACTIVE');
INSERT INTO products (id, company_id, nome, sku, preco_venda, valor_compra, margem_lucro, quantidade_estoque, categoria, ean, ncm, fornecedor_id, status) VALUES ('486f656e-f7f6-4d3c-924d-4198d0905c29', '2f193dc6-1615-4131-a9be-5b4b7673b840', 'Esticador para Fibra', 'SKU-1012', 245.49, 175.35, 40.0, 16, 'Material', '7895180787487', '85176277', '439f6b13-ca13-4042-86ad-ac1a7f9ad4cd', 'ACTIVE');
INSERT INTO products (id, company_id, nome, sku, preco_venda, valor_compra, margem_lucro, quantidade_estoque, categoria, ean, ncm, fornecedor_id, status) VALUES ('ead69bf0-a8d1-4d46-88eb-a3f7b55b00db', '2f193dc6-1615-4131-a9be-5b4b7673b840', 'Fita Isolante 20m', 'SKU-1013', 168.36, 120.26, 40.0, 28, 'Material', '7899823734664', '85176277', '42a1b920-5656-42c1-a0d8-172310eb7f84', 'ACTIVE');
INSERT INTO products (id, company_id, nome, sku, preco_venda, valor_compra, margem_lucro, quantidade_estoque, categoria, ean, ncm, fornecedor_id, status) VALUES ('45cf65d2-a3d6-4a51-9fab-1baa5f1a37df', '2f193dc6-1615-4131-a9be-5b4b7673b840', 'Caneta Laser de Teste', 'SKU-1014', 149.29, 106.64, 40.0, 12, 'Material', '7899364408340', '85176277', 'a215ad1e-8270-4402-8018-a23ec13b8433', 'ACTIVE');

-- 15 Clientes
INSERT INTO customers (id, company_id, name, corporate_name, email, phone, city, estado, address, zip_code, neighborhood, number, customer_type, document, ativo) VALUES ('fa2018b9-1ee1-4b38-8b53-797d221f8350', '2f193dc6-1615-4131-a9be-5b4b7673b840', 'João Pereira', 'João Pereira Entretenimentos', 'cliente1@gmail.com', '63984516415', 'Araguaína', 'TO', 'Rua das Palmeiras, 1358', '77800-123', 'Bairro Nobre', '582', 'Pessoa Física', '416.901.987-27', true);
INSERT INTO customers (id, company_id, name, corporate_name, email, phone, city, estado, address, zip_code, neighborhood, number, customer_type, document, ativo) VALUES ('3740cdbf-0968-4b2c-a7d2-01c6c328cffa', '2f193dc6-1615-4131-a9be-5b4b7673b840', 'Maria Silva', 'Maria Silva Entretenimentos', 'cliente2@gmail.com', '63984925366', 'Araguaína', 'TO', 'Rua das Palmeiras, 466', '77800-123', 'Bairro Nobre', '1114', 'Pessoa Física', '157.324.545-20', true);
INSERT INTO customers (id, company_id, name, corporate_name, email, phone, city, estado, address, zip_code, neighborhood, number, customer_type, document, ativo) VALUES ('2cade5f9-445b-4257-8a39-d3b45a403ab4', '2f193dc6-1615-4131-a9be-5b4b7673b840', 'Restaurante Central', 'Restaurante Central Entretenimentos', 'cliente3@gmail.com', '63984655395', 'Araguaína', 'TO', 'Rua das Palmeiras, 502', '77800-123', 'Bairro Nobre', '276', 'Pessoa Física', '150.207.626-74', true);
INSERT INTO customers (id, company_id, name, corporate_name, email, phone, city, estado, address, zip_code, neighborhood, number, customer_type, document, ativo) VALUES ('44363522-0656-485e-87b7-09b35e535044', '2f193dc6-1615-4131-a9be-5b4b7673b840', 'Academia Fit', 'Academia Fit Entretenimentos', 'cliente4@gmail.com', '63984671567', 'Araguaína', 'TO', 'Rua das Palmeiras, 927', '77800-123', 'Bairro Nobre', '1269', 'Pessoa Física', '968.344.797-73', true);
INSERT INTO customers (id, company_id, name, corporate_name, email, phone, city, estado, address, zip_code, neighborhood, number, customer_type, document, ativo) VALUES ('7e9f30b3-f389-431a-a0ab-89948e93f828', '2f193dc6-1615-4131-a9be-5b4b7673b840', 'Mercado Araguaína', 'Mercado Araguaína Entretenimentos', 'cliente5@gmail.com', '63984779335', 'Araguaína', 'TO', 'Rua das Palmeiras, 214', '77800-123', 'Bairro Nobre', '2901', 'Pessoa Física', '276.486.838-23', true);
INSERT INTO customers (id, company_id, name, corporate_name, email, phone, city, estado, address, zip_code, neighborhood, number, customer_type, document, ativo) VALUES ('47a2e885-6979-43c4-b857-bf3a09c54235', '2f193dc6-1615-4131-a9be-5b4b7673b840', 'Clínica Saúde', 'Clínica Saúde Entretenimentos', 'cliente6@gmail.com', '63984893192', 'Araguaína', 'TO', 'Rua das Palmeiras, 1494', '77800-123', 'Bairro Nobre', '503', 'Pessoa Física', '566.160.952-84', true);
INSERT INTO customers (id, company_id, name, corporate_name, email, phone, city, estado, address, zip_code, neighborhood, number, customer_type, document, ativo) VALUES ('4df41073-a670-4a11-a32a-0afc9944de69', '2f193dc6-1615-4131-a9be-5b4b7673b840', 'Padaria Pão de Mel', 'Padaria Pão de Mel Entretenimentos', 'cliente7@gmail.com', '63984865598', 'Araguaína', 'TO', 'Rua das Palmeiras, 691', '77800-123', 'Bairro Nobre', '4055', 'Pessoa Física', '946.772.952-63', true);
INSERT INTO customers (id, company_id, name, corporate_name, email, phone, city, estado, address, zip_code, neighborhood, number, customer_type, document, ativo) VALUES ('06a6cf51-3f02-472d-a67c-aeee98045b5b', '2f193dc6-1615-4131-a9be-5b4b7673b840', 'Escola Aprendiz', 'Escola Aprendiz Entretenimentos', 'cliente8@gmail.com', '63984108611', 'Araguaína', 'TO', 'Rua das Palmeiras, 780', '77800-123', 'Bairro Nobre', '4153', 'Pessoa Física', '111.371.365-59', true);
INSERT INTO customers (id, company_id, name, corporate_name, email, phone, city, estado, address, zip_code, neighborhood, number, customer_type, document, ativo) VALUES ('422776b3-49c3-4fd4-9ff3-dff40bceff67', '2f193dc6-1615-4131-a9be-5b4b7673b840', 'Oficina São José', 'Oficina São José Entretenimentos', 'cliente9@gmail.com', '63984593610', 'Araguaína', 'TO', 'Rua das Palmeiras, 433', '77800-123', 'Bairro Nobre', '276', 'Pessoa Física', '907.913.423-29', true);
INSERT INTO customers (id, company_id, name, corporate_name, email, phone, city, estado, address, zip_code, neighborhood, number, customer_type, document, ativo) VALUES ('f11bb320-f7e2-44c2-ae4d-313dc820d41b', '2f193dc6-1615-4131-a9be-5b4b7673b840', 'Condomínio Solaris', 'Condomínio Solaris Entretenimentos', 'cliente10@gmail.com', '63984856870', 'Araguaína', 'TO', 'Rua das Palmeiras, 552', '77800-123', 'Bairro Nobre', '4773', 'Pessoa Física', '792.738.858-18', true);
INSERT INTO customers (id, company_id, name, corporate_name, email, phone, city, estado, address, zip_code, neighborhood, number, customer_type, document, ativo) VALUES ('66b72699-1d92-46bd-a390-e540c2901e65', '2f193dc6-1615-4131-a9be-5b4b7673b840', 'Loja de Roupas', 'Loja de Roupas Entretenimentos', 'cliente11@gmail.com', '63984629005', 'Araguaína', 'TO', 'Rua das Palmeiras, 501', '77800-123', 'Bairro Nobre', '1800', 'Pessoa Jurídica', '74.489.604/0001-96', true);
INSERT INTO customers (id, company_id, name, corporate_name, email, phone, city, estado, address, zip_code, neighborhood, number, customer_type, document, ativo) VALUES ('1af09aa4-6ce8-430c-95fd-6b518618b9ec', '2f193dc6-1615-4131-a9be-5b4b7673b840', 'Consultório Dr. Pedro', 'Consultório Dr. Pedro Entretenimentos', 'cliente12@gmail.com', '63984488802', 'Araguaína', 'TO', 'Rua das Palmeiras, 1174', '77800-123', 'Bairro Nobre', '3000', 'Pessoa Jurídica', '38.994.101/0001-96', true);
INSERT INTO customers (id, company_id, name, corporate_name, email, phone, city, estado, address, zip_code, neighborhood, number, customer_type, document, ativo) VALUES ('41f2120e-bb5e-4c88-8b29-1e1226b7b571', '2f193dc6-1615-4131-a9be-5b4b7673b840', 'Pizzaria da Villa', 'Pizzaria da Villa Entretenimentos', 'cliente13@gmail.com', '63984874785', 'Araguaína', 'TO', 'Rua das Palmeiras, 1955', '77800-123', 'Bairro Nobre', '82', 'Pessoa Jurídica', '99.977.872/0001-55', true);
INSERT INTO customers (id, company_id, name, corporate_name, email, phone, city, estado, address, zip_code, neighborhood, number, customer_type, document, ativo) VALUES ('e04999a0-b72f-4b4c-9260-3d13019bc5f7', '2f193dc6-1615-4131-a9be-5b4b7673b840', 'Posto Araguaia', 'Posto Araguaia Entretenimentos', 'cliente14@gmail.com', '63984774614', 'Araguaína', 'TO', 'Rua das Palmeiras, 1456', '77800-123', 'Bairro Nobre', '3447', 'Pessoa Jurídica', '12.150.978/0001-10', true);
INSERT INTO customers (id, company_id, name, corporate_name, email, phone, city, estado, address, zip_code, neighborhood, number, customer_type, document, ativo) VALUES ('e3019464-7337-4af1-8021-8db3be3a9ccb', '2f193dc6-1615-4131-a9be-5b4b7673b840', 'Sorveteria Sol', 'Sorveteria Sol Entretenimentos', 'cliente15@gmail.com', '63984896946', 'Araguaína', 'TO', 'Rua das Palmeiras, 1285', '77800-123', 'Bairro Nobre', '2536', 'Pessoa Jurídica', '11.162.583/0001-79', true);

-- 15 Ordens de Serviço
INSERT INTO service_orders (id, company_id, customer_id, tech_id, status, type, description, scheduled_date, created_at, ativo) VALUES ('168ab16d-59a5-4c10-b54b-495b7866011f', '2f193dc6-1615-4131-a9be-5b4b7673b840', 'fa2018b9-1ee1-4b38-8b53-797d221f8350', 'c6d28fe7-45d6-4c71-8fff-2196363f8bc7', 'Aberta', 'Instalação', 'Serviço de teste 1 para validação do sistema.', NOW(), NOW(), true);
INSERT INTO service_orders (id, company_id, customer_id, tech_id, status, type, description, scheduled_date, created_at, ativo) VALUES ('91e7466a-53a7-4fb7-9f89-dda9adbb3952', '2f193dc6-1615-4131-a9be-5b4b7673b840', '3740cdbf-0968-4b2c-a7d2-01c6c328cffa', '54731657-0443-454b-a4be-440586b44fab', 'Aberta', 'Manutenção', 'Serviço de teste 2 para validação do sistema.', NOW(), NOW(), true);
INSERT INTO service_orders (id, company_id, customer_id, tech_id, status, type, description, scheduled_date, created_at, ativo) VALUES ('bbc2b3da-de40-45ea-bf48-c6aa9e29eecb', '2f193dc6-1615-4131-a9be-5b4b7673b840', '2cade5f9-445b-4257-8a39-d3b45a403ab4', '78c95773-bfc2-47ef-be78-ba498433d444', 'Aberta', 'Instalação', 'Serviço de teste 3 para validação do sistema.', NOW(), NOW(), true);
INSERT INTO service_orders (id, company_id, customer_id, tech_id, status, type, description, scheduled_date, created_at, ativo) VALUES ('a6480da9-bf1d-4ffa-a47f-ef0d064bc212', '2f193dc6-1615-4131-a9be-5b4b7673b840', '44363522-0656-485e-87b7-09b35e535044', '1e1cd135-6e91-4e90-a284-8f53333bdd09', 'Aberta', 'Manutenção', 'Serviço de teste 4 para validação do sistema.', NOW(), NOW(), true);
INSERT INTO service_orders (id, company_id, customer_id, tech_id, status, type, description, scheduled_date, created_at, ativo) VALUES ('fd13eece-e4e3-4304-851d-9f4ecf603fcb', '2f193dc6-1615-4131-a9be-5b4b7673b840', '7e9f30b3-f389-431a-a0ab-89948e93f828', '5078c0ef-23d5-4bfe-a01e-df37fddf442b', 'Aberta', 'Instalação', 'Serviço de teste 5 para validação do sistema.', NOW(), NOW(), true);
INSERT INTO service_orders (id, company_id, customer_id, tech_id, status, type, description, scheduled_date, created_at, ativo) VALUES ('48cbea19-44ca-4dce-b2b9-01d074552de8', '2f193dc6-1615-4131-a9be-5b4b7673b840', '47a2e885-6979-43c4-b857-bf3a09c54235', 'c6d28fe7-45d6-4c71-8fff-2196363f8bc7', 'Em Andamento', 'Manutenção', 'Serviço de teste 6 para validação do sistema.', NOW(), NOW(), true);
INSERT INTO service_orders (id, company_id, customer_id, tech_id, status, type, description, scheduled_date, created_at, ativo) VALUES ('6c3c7e89-ca52-4625-8cd5-b620837377c2', '2f193dc6-1615-4131-a9be-5b4b7673b840', '4df41073-a670-4a11-a32a-0afc9944de69', '54731657-0443-454b-a4be-440586b44fab', 'Em Andamento', 'Instalação', 'Serviço de teste 7 para validação do sistema.', NOW(), NOW(), true);
INSERT INTO service_orders (id, company_id, customer_id, tech_id, status, type, description, scheduled_date, created_at, ativo) VALUES ('521b7ff2-88d3-4f7a-935d-3d7be90510ef', '2f193dc6-1615-4131-a9be-5b4b7673b840', '06a6cf51-3f02-472d-a67c-aeee98045b5b', '78c95773-bfc2-47ef-be78-ba498433d444', 'Em Andamento', 'Manutenção', 'Serviço de teste 8 para validação do sistema.', NOW(), NOW(), true);
INSERT INTO service_orders (id, company_id, customer_id, tech_id, status, type, description, scheduled_date, created_at, ativo) VALUES ('7a6def30-e337-47b3-af54-65f262e938d0', '2f193dc6-1615-4131-a9be-5b4b7673b840', '422776b3-49c3-4fd4-9ff3-dff40bceff67', '1e1cd135-6e91-4e90-a284-8f53333bdd09', 'Em Andamento', 'Instalação', 'Serviço de teste 9 para validação do sistema.', NOW(), NOW(), true);
INSERT INTO service_orders (id, company_id, customer_id, tech_id, status, type, description, scheduled_date, created_at, ativo) VALUES ('cc516d96-e743-4b58-8749-9c2a74e2f5cf', '2f193dc6-1615-4131-a9be-5b4b7673b840', 'f11bb320-f7e2-44c2-ae4d-313dc820d41b', '5078c0ef-23d5-4bfe-a01e-df37fddf442b', 'Em Andamento', 'Manutenção', 'Serviço de teste 10 para validação do sistema.', NOW(), NOW(), true);
INSERT INTO service_orders (id, company_id, customer_id, tech_id, status, type, description, scheduled_date, created_at, ativo) VALUES ('5dc76d2b-7412-465d-b70b-739a4fd322f3', '2f193dc6-1615-4131-a9be-5b4b7673b840', '66b72699-1d92-46bd-a390-e540c2901e65', 'c6d28fe7-45d6-4c71-8fff-2196363f8bc7', 'Finalizada', 'Instalação', 'Serviço de teste 11 para validação do sistema.', NOW(), NOW(), true);
INSERT INTO service_orders (id, company_id, customer_id, tech_id, status, type, description, scheduled_date, created_at, ativo) VALUES ('dc66c482-b1bf-47f2-8a52-ac3d0bc7a7da', '2f193dc6-1615-4131-a9be-5b4b7673b840', '1af09aa4-6ce8-430c-95fd-6b518618b9ec', '54731657-0443-454b-a4be-440586b44fab', 'Finalizada', 'Manutenção', 'Serviço de teste 12 para validação do sistema.', NOW(), NOW(), true);
INSERT INTO service_orders (id, company_id, customer_id, tech_id, status, type, description, scheduled_date, created_at, ativo) VALUES ('a24c9760-b322-4e42-ae2f-9ffe969c5cb4', '2f193dc6-1615-4131-a9be-5b4b7673b840', '41f2120e-bb5e-4c88-8b29-1e1226b7b571', '78c95773-bfc2-47ef-be78-ba498433d444', 'Finalizada', 'Instalação', 'Serviço de teste 13 para validação do sistema.', NOW(), NOW(), true);
INSERT INTO service_orders (id, company_id, customer_id, tech_id, status, type, description, scheduled_date, created_at, ativo) VALUES ('7cc1bb0e-1d8f-4914-90fb-85e6db802c3b', '2f193dc6-1615-4131-a9be-5b4b7673b840', 'e04999a0-b72f-4b4c-9260-3d13019bc5f7', '1e1cd135-6e91-4e90-a284-8f53333bdd09', 'Finalizada', 'Manutenção', 'Serviço de teste 14 para validação do sistema.', NOW(), NOW(), true);
INSERT INTO service_orders (id, company_id, customer_id, tech_id, status, type, description, scheduled_date, created_at, ativo) VALUES ('dff41347-1534-4946-9e36-d8f1d06526ba', '2f193dc6-1615-4131-a9be-5b4b7673b840', 'e3019464-7337-4af1-8021-8db3be3a9ccb', '5078c0ef-23d5-4bfe-a01e-df37fddf442b', 'Finalizada', 'Instalação', 'Serviço de teste 15 para validação do sistema.', NOW(), NOW(), true);

-- 10 Movimentações de Estoque
INSERT INTO stock_movements (id, company_id, produto_id, tipo, quantidade, origem_id, destino_id, fornecedor_id, document_ref, user_name, created_at) VALUES ('a8c99801-6b5a-4d40-955a-871060bc930d', '2f193dc6-1615-4131-a9be-5b4b7673b840', '179e1611-3a39-4d67-abca-1d8732b290d6', 'ENTRADA', 7, NULL, 'dad8c294-94d0-48b0-85dc-fef43cfa6077', 'a215ad1e-8270-4402-8018-a23ec13b8433', 'NF-778.230', 'ADMIN TECH', NOW() - INTERVAL '0 days');
INSERT INTO stock_movements (id, company_id, produto_id, tipo, quantidade, origem_id, destino_id, fornecedor_id, document_ref, user_name, created_at) VALUES ('3f56193e-6cb5-4d7e-a2d7-e698bc894ca4', '2f193dc6-1615-4131-a9be-5b4b7673b840', '388fe2ae-7cba-4f9a-8f8f-54784bb9124d', 'TRANSFERENCIA', 10, 'dad8c294-94d0-48b0-85dc-fef43cfa6077', 'dad8c294-94d0-48b0-85dc-fef43cfa6077', NULL, NULL, 'ADMIN TECH', NOW() - INTERVAL '1 days');
INSERT INTO stock_movements (id, company_id, produto_id, tipo, quantidade, origem_id, destino_id, fornecedor_id, document_ref, user_name, created_at) VALUES ('2383a2f0-6889-438d-8106-6868894eed77', '2f193dc6-1615-4131-a9be-5b4b7673b840', '30c8273e-ffde-464d-9adc-6da6b43768ed', 'ENTRADA', 9, NULL, '5954ff8d-7431-440e-a021-fbbe41ee9727', 'f8d8872f-f66b-455f-8a97-7b8c7b530caa', 'NF-567.670', 'ADMIN TECH', NOW() - INTERVAL '2 days');
INSERT INTO stock_movements (id, company_id, produto_id, tipo, quantidade, origem_id, destino_id, fornecedor_id, document_ref, user_name, created_at) VALUES ('10edef5d-43a6-4ff1-989c-e3c5f9930f1d', '2f193dc6-1615-4131-a9be-5b4b7673b840', '4fcd0ca8-7a55-4211-985f-105f0a9ee5ff', 'TRANSFERENCIA', 7, 'f37e90d7-b4a3-414d-8b3c-c306ef3a8ce5', 'a372d2c3-cfb8-4a97-a782-8dda8ae774e1', NULL, NULL, 'ADMIN TECH', NOW() - INTERVAL '3 days');
INSERT INTO stock_movements (id, company_id, produto_id, tipo, quantidade, origem_id, destino_id, fornecedor_id, document_ref, user_name, created_at) VALUES ('1f3d7644-1762-474f-b336-04c3e973bc77', '2f193dc6-1615-4131-a9be-5b4b7673b840', '45cf65d2-a3d6-4a51-9fab-1baa5f1a37df', 'TRANSFERENCIA', 7, 'dad8c294-94d0-48b0-85dc-fef43cfa6077', 'fab6315d-7c24-444b-95e9-44e4bc98983d', NULL, NULL, 'ADMIN TECH', NOW() - INTERVAL '4 days');
INSERT INTO stock_movements (id, company_id, produto_id, tipo, quantidade, origem_id, destino_id, fornecedor_id, document_ref, user_name, created_at) VALUES ('c7f40660-5421-4921-b464-ddbaf97de30d', '2f193dc6-1615-4131-a9be-5b4b7673b840', '4d187f7f-bc87-4844-82a1-2b3be6f8f28d', 'TRANSFERENCIA', 5, '224ec3d4-99b2-4e47-a4b8-acca8c0b3948', '224ec3d4-99b2-4e47-a4b8-acca8c0b3948', NULL, NULL, 'ADMIN TECH', NOW() - INTERVAL '5 days');
INSERT INTO stock_movements (id, company_id, produto_id, tipo, quantidade, origem_id, destino_id, fornecedor_id, document_ref, user_name, created_at) VALUES ('899d7663-54aa-448d-8ec7-f8d77f9e2d39', '2f193dc6-1615-4131-a9be-5b4b7673b840', '0c322cfe-e7a9-46d7-9d6b-3ecfd3074105', 'TRANSFERENCIA', 6, 'f37e90d7-b4a3-414d-8b3c-c306ef3a8ce5', '224ec3d4-99b2-4e47-a4b8-acca8c0b3948', NULL, NULL, 'ADMIN TECH', NOW() - INTERVAL '6 days');
INSERT INTO stock_movements (id, company_id, produto_id, tipo, quantidade, origem_id, destino_id, fornecedor_id, document_ref, user_name, created_at) VALUES ('195098ad-2b20-4c98-a300-9cdfc7a109da', '2f193dc6-1615-4131-a9be-5b4b7673b840', '4fcd0ca8-7a55-4211-985f-105f0a9ee5ff', 'ENTRADA', 7, NULL, 'dad8c294-94d0-48b0-85dc-fef43cfa6077', 'ffb503be-206e-4b1d-8727-cd2df764f5f6', 'NF-470.850', 'ADMIN TECH', NOW() - INTERVAL '7 days');
INSERT INTO stock_movements (id, company_id, produto_id, tipo, quantidade, origem_id, destino_id, fornecedor_id, document_ref, user_name, created_at) VALUES ('74fe66aa-6eca-438c-a086-89c931a89be3', '2f193dc6-1615-4131-a9be-5b4b7673b840', '388fe2ae-7cba-4f9a-8f8f-54784bb9124d', 'TRANSFERENCIA', 4, 'fab6315d-7c24-444b-95e9-44e4bc98983d', 'a372d2c3-cfb8-4a97-a782-8dda8ae774e1', NULL, NULL, 'ADMIN TECH', NOW() - INTERVAL '8 days');
INSERT INTO stock_movements (id, company_id, produto_id, tipo, quantidade, origem_id, destino_id, fornecedor_id, document_ref, user_name, created_at) VALUES ('077a882d-f01c-495e-8fbb-41d25a2ba2cd', '2f193dc6-1615-4131-a9be-5b4b7673b840', '0629b5f7-b0a2-4871-8207-8998b5ffc25b', 'TRANSFERENCIA', 5, 'f37e90d7-b4a3-414d-8b3c-c306ef3a8ce5', 'a372d2c3-cfb8-4a97-a782-8dda8ae774e1', NULL, NULL, 'ADMIN TECH', NOW() - INTERVAL '9 days');